{
    "accuracy": 0.9276018099547512,
    "precision": 0.908675799086758,
    "recall": 0.8766519823788547,
    "f1_score": 0.8923766816143498
}